imagen,ruta,prob_bache,umbral,hay_bache,severidad,area_relativa,bbox
bache_01.jpg,/content/drive/MyDrive/PDI/Proyectobaches/labeled/bache/bache_01.jpg,0.9999971389770508,0.1,True,leve,0.39285625,"(70, 97, 263, 239)"
bache_02.jpg,/content/drive/MyDrive/PDI/Proyectobaches/labeled/bache/bache_02.jpg,0.9999945163726807,0.1,True,severo,0.77,"(44, 0, 308, 400)"
bache_03.jpg,/content/drive/MyDrive/PDI/Proyectobaches/labeled/bache/bache_03.jpg,0.9999696016311646,0.1,True,leve,0.3762375,"(81, 67, 237, 254)"
bache_032.jpg,/content/drive/MyDrive/PDI/Proyectobaches/labeled/bache/bache_032.jpg,0.9998106360435486,0.1,True,severo,0.7275581175069686,"(0, 30, 286, 188)"
bache_033.jpg,/content/drive/MyDrive/PDI/Proyectobaches/labeled/bache/bache_033.jpg,0.9999895095825195,0.1,True,severo,0.7205308352849337,"(0, 358, 873, 923)"
bache_034.jpg,/content/drive/MyDrive/PDI/Proyectobaches/labeled/bache/bache_034.jpg,0.999695897102356,0.1,True,moderado,0.560257801899593,"(0, 126, 526, 314)"
bache_035.jpg,/content/drive/MyDrive/PDI/Proyectobaches/labeled/bache/bache_035.jpg,0.9999939203262329,0.1,True,severo,0.685,"(0, 126, 650, 274)"
bache_036.jpg,/content/drive/MyDrive/PDI/Proyectobaches/labeled/bache/bache_036.jpg,0.9999992847442627,0.1,True,severo,0.6600047585058292,"(0, 71, 418, 365)"
bache_037.jpg,/content/drive/MyDrive/PDI/Proyectobaches/labeled/bache/bache_037.jpg,0.9999736547470093,0.1,True,leve,0.4425145482038123,"(215, 100, 809, 382)"
bache_038.jpg,/content/drive/MyDrive/PDI/Proyectobaches/labeled/bache/bache_038.jpg,0.999670147895813,0.1,True,leve,0.34451042611060745,"(141, 564, 1128, 539)"
bache_039.jpg,/content/drive/MyDrive/PDI/Proyectobaches/labeled/bache/bache_039.jpg,0.9999575614929199,0.1,True,severo,0.733359041290935,"(79, 0, 369, 268)"
bache_04.jpg,/content/drive/MyDrive/PDI/Proyectobaches/labeled/bache/bache_04.jpg,0.9999935626983643,0.1,True,leve,0.4533333333333333,"(81, 67, 300, 204)"
bache_040.jpg,/content/drive/MyDrive/PDI/Proyectobaches/labeled/bache/bache_040.jpg,0.9998475313186646,0.1,True,severo,0.67,"(0, 96, 800, 402)"
bache_041.jpg,/content/drive/MyDrive/PDI/Proyectobaches/labeled/bache/bache_041.jpg,0.9999778270721436,0.1,True,severo,0.66065625,"(0, 165, 729, 435)"
bache_042.jpg,/content/drive/MyDrive/PDI/Proyectobaches/labeled/bache/bache_042.jpg,0.9999485015869141,0.1,True,moderado,0.5987854251012146,"(0, 108, 348, 204)"
bache_043.jpg,/content/drive/MyDrive/PDI/Proyectobaches/labeled/bache/bache_043.jpg,0.9997993111610413,0.1,True,moderado,0.5788966863655551,"(0, 75, 335, 131)"
bache_044.jpg,/content/drive/MyDrive/PDI/Proyectobaches/labeled/bache/bache_044.jpg,0.9995993971824646,0.1,True,moderado,0.6339113680154143,"(0, 190, 750, 329)"
bache_045.jpg,/content/drive/MyDrive/PDI/Proyectobaches/labeled/bache/bache_045.jpg,0.999936580657959,0.1,True,leve,0.3624483720930233,"(111, 183, 761, 192)"
bache_046.jpg,/content/drive/MyDrive/PDI/Proyectobaches/labeled/bache/bache_046.jpg,0.9997287392616272,0.1,True,leve,0.39860416666666665,"(128, 87, 530, 361)"
bache_047.jpg,/content/drive/MyDrive/PDI/Proyectobaches/labeled/bache/bache_047.jpg,0.9999903440475464,0.1,True,severo,0.7209830097087379,"(31, 29, 369, 161)"
bache_048.jpg,/content/drive/MyDrive/PDI/Proyectobaches/labeled/bache/bache_048.jpg,0.9998806715011597,0.1,True,leve,0.49351020408163265,"(109, 114, 535, 339)"
bache_049.jpg,/content/drive/MyDrive/PDI/Proyectobaches/labeled/bache/bache_049.jpg,0.9999195337295532,0.1,True,moderado,0.6445182724252492,"(0, 107, 446, 194)"
bache_05.jpg,/content/drive/MyDrive/PDI/Proyectobaches/labeled/bache/bache_05.jpg,0.9998358488082886,0.1,True,leve,0.3744,"(65, 43, 288, 208)"
bache_050.jpg,/content/drive/MyDrive/PDI/Proyectobaches/labeled/bache/bache_050.jpg,0.9988563060760498,0.1,True,severo,0.717041015625,"(0, 232, 712, 792)"
bache_051.jpg,/content/drive/MyDrive/PDI/Proyectobaches/labeled/bache/bache_051.jpg,0.9998748302459717,0.1,True,severo,0.7993197278911565,"(0, 59, 320, 235)"
bache_052.jpg,/content/drive/MyDrive/PDI/Proyectobaches/labeled/bache/bache_052.jpg,0.9998743534088135,0.1,True,moderado,0.505,"(0, 198, 600, 202)"
bache_053.jpg,/content/drive/MyDrive/PDI/Proyectobaches/labeled/bache/bache_053.jpg,0.9999973773956299,0.1,True,moderado,0.6387185185185185,"(0, 61, 529, 326)"
bache_054.jpg,/content/drive/MyDrive/PDI/Proyectobaches/labeled/bache/bache_054.jpg,0.9998921155929565,0.1,True,leve,0.37888333333333335,"(180, 193, 508, 358)"
bache_055.jpg,/content/drive/MyDrive/PDI/Proyectobaches/labeled/bache/bache_055.jpg,0.9997121691703796,0.1,True,leve,0.3541861861861862,"(0, 298, 641, 368)"
bache_056.jpg,/content/drive/MyDrive/PDI/Proyectobaches/labeled/bache/bache_056.jpg,0.9999837875366211,0.1,True,moderado,0.5937854166666666,"(62, 54, 677, 421)"
bache_057.jpg,/content/drive/MyDrive/PDI/Proyectobaches/labeled/bache/bache_057.jpg,0.9996837377548218,0.1,True,leve,0.37166666666666665,"(119, 110, 446, 192)"
bache_058.jpg,/content/drive/MyDrive/PDI/Proyectobaches/labeled/bache/bache_058.jpg,0.9999765157699585,0.1,True,severo,0.7266666666666667,"(0, 22, 200, 109)"
bache_059.jpg,/content/drive/MyDrive/PDI/Proyectobaches/labeled/bache/bache_059.jpg,0.9999033212661743,0.1,True,leve,0.3916309012875536,"(189, 216, 511, 250)"
bache_06.jpg,/content/drive/MyDrive/PDI/Proyectobaches/labeled/bache/bache_06.jpg,0.99937504529953,0.1,True,leve,0.47703125,"(45, 0, 355, 215)"
bache_060.jpg,/content/drive/MyDrive/PDI/Proyectobaches/labeled/bache/bache_060.jpg,0.999967098236084,0.1,True,severo,0.7320666666666666,"(0, 42, 278, 158)"
bache_061.jpg,/content/drive/MyDrive/PDI/Proyectobaches/labeled/bache/bache_061.jpg,0.99988853931427,0.1,True,leve,0.4829757462686567,"(0, 116, 545, 152)"
bache_062.jpg,/content/drive/MyDrive/PDI/Proyectobaches/labeled/bache/bache_062.jpg,0.9999921321868896,0.1,True,moderado,0.5376923076923077,"(0, 82, 233, 156)"
bache_063.jpg,/content/drive/MyDrive/PDI/Proyectobaches/labeled/bache/bache_063.jpg,0.9999969005584717,0.1,True,severo,0.7648190122948004,"(0, 48, 655, 374)"
bache_064.jpg,/content/drive/MyDrive/PDI/Proyectobaches/labeled/bache/bache_064.jpg,0.9998488426208496,0.1,True,severo,0.8728179551122195,"(0, 51, 534, 350)"
bache_065.jpg,/content/drive/MyDrive/PDI/Proyectobaches/labeled/bache/bache_065.jpg,0.9999662637710571,0.1,True,severo,0.6966268594175571,"(81, 74, 825, 399)"
bache_066.jpg,/content/drive/MyDrive/PDI/Proyectobaches/labeled/bache/bache_066.jpg,0.9999710321426392,0.1,True,moderado,0.6475158935719332,"(70, 111, 550, 300)"
bache_067.jpg,/content/drive/MyDrive/PDI/Proyectobaches/labeled/bache/bache_067.jpg,0.9997983574867249,0.1,True,moderado,0.5659158967824148,"(0, 32, 509, 349)"
bache_068.jpg,/content/drive/MyDrive/PDI/Proyectobaches/labeled/bache/bache_068.jpg,0.9999840259552002,0.1,True,moderado,0.5166708343752605,"(0, 54, 539, 230)"
bache_069.jpg,/content/drive/MyDrive/PDI/Proyectobaches/labeled/bache/bache_069.jpg,0.9998307228088379,0.1,True,moderado,0.5802716049382716,"(0, 249, 993, 426)"
bache_07.jpg,/content/drive/MyDrive/PDI/Proyectobaches/labeled/bache/bache_07.jpg,0.9999089241027832,0.1,True,severo,0.8818011257035647,"(0, 0, 470, 300)"
bache_070.jpg,/content/drive/MyDrive/PDI/Proyectobaches/labeled/bache/bache_070.jpg,0.9999581575393677,0.1,True,moderado,0.5032878193404019,"(314, 89, 705, 379)"
bache_071.jpg,/content/drive/MyDrive/PDI/Proyectobaches/labeled/bache/bache_071.jpg,0.9998772144317627,0.1,True,moderado,0.6453188602442333,"(0, 33, 580, 328)"
bache_072.jpg,/content/drive/MyDrive/PDI/Proyectobaches/labeled/bache/bache_072.jpg,0.9999798536300659,0.1,True,moderado,0.5620915032679739,"(0, 376, 1632, 688)"
bache_073.jpg,/content/drive/MyDrive/PDI/Proyectobaches/labeled/bache/bache_073.jpg,0.999964714050293,0.1,True,moderado,0.5877774585846979,"(0, 133, 791, 388)"
bache_074.jpg,/content/drive/MyDrive/PDI/Proyectobaches/labeled/bache/bache_074.jpg,0.9999887943267822,0.1,True,severo,0.7644839142091153,"(63, 66, 683, 334)"
bache_075.jpg,/content/drive/MyDrive/PDI/Proyectobaches/labeled/bache/bache_075.jpg,0.9999310970306396,0.1,True,severo,0.8223033707865168,"(31, 0, 369, 238)"
bache_076.jpg,/content/drive/MyDrive/PDI/Proyectobaches/labeled/bache/bache_076.jpg,0.9998893737792969,0.1,True,moderado,0.55794375,"(219, 254, 981, 546)"
bache_077.jpg,/content/drive/MyDrive/PDI/Proyectobaches/labeled/bache/bache_077.jpg,0.9996569156646729,0.1,True,leve,0.47324677742100607,"(132, 306, 908, 448)"
bache_078.jpg,/content/drive/MyDrive/PDI/Proyectobaches/labeled/bache/bache_078.jpg,0.9999632835388184,0.1,True,severo,0.7869165853754345,"(63, 60, 604, 398)"
bache_079.jpg,/content/drive/MyDrive/PDI/Proyectobaches/labeled/bache/bache_079.jpg,0.9998186230659485,0.1,True,moderado,0.5880952380952381,"(0, 692, 2996, 988)"
bache_08.jpg,/content/drive/MyDrive/PDI/Proyectobaches/labeled/bache/bache_08.jpg,0.9999843835830688,0.1,True,moderado,0.6039138576779026,"(0, 118, 271, 238)"
bache_080.jpg,/content/drive/MyDrive/PDI/Proyectobaches/labeled/bache/bache_080.jpg,0.9999353885650635,0.1,True,leve,0.4924839158407234,"(0, 167, 587, 193)"
bache_081.jpg,/content/drive/MyDrive/PDI/Proyectobaches/labeled/bache/bache_081.jpg,0.9999674558639526,0.1,True,severo,0.8555555555555555,"(0, 0, 385, 298)"
bache_082.jpg,/content/drive/MyDrive/PDI/Proyectobaches/labeled/bache/bache_082.jpg,0.9999887943267822,0.1,True,severo,0.7077245508982036,"(54, 69, 446, 265)"
bache_083.jpg,/content/drive/MyDrive/PDI/Proyectobaches/labeled/bache/bache_083.jpg,0.9998359680175781,0.1,True,moderado,0.6317829457364341,"(0, 190, 800, 326)"
bache_084.jpg,/content/drive/MyDrive/PDI/Proyectobaches/labeled/bache/bache_084.jpg,0.9994476437568665,0.1,True,moderado,0.5516145833333334,"(0, 75, 595, 445)"
bache_085.jpg,/content/drive/MyDrive/PDI/Proyectobaches/labeled/bache/bache_085.jpg,0.9999351501464844,0.1,True,leve,0.4915954415954416,"(35, 97, 290, 119)"
bache_086.jpg,/content/drive/MyDrive/PDI/Proyectobaches/labeled/bache/bache_086.jpg,0.9998843669891357,0.1,True,leve,0.3895524733802208,"(146, 183, 553, 251)"
bache_087.jpg,/content/drive/MyDrive/PDI/Proyectobaches/labeled/bache/bache_087.jpg,0.9999703168869019,0.1,True,severo,0.7684841579861111,"(0, 0, 815, 869)"
bache_088.jpg,/content/drive/MyDrive/PDI/Proyectobaches/labeled/bache/bache_088.jpg,0.9999980926513672,0.1,True,severo,0.8208333333333333,"(0, 129, 960, 591)"
bache_089.jpg,/content/drive/MyDrive/PDI/Proyectobaches/labeled/bache/bache_089.jpg,0.9999978542327881,0.1,True,leve,0.4255038269496091,"(138, 437, 681, 913)"
bache_09.jpg,/content/drive/MyDrive/PDI/Proyectobaches/labeled/bache/bache_09.jpg,0.9999901056289673,0.1,True,moderado,0.5113636363636364,"(57, 95, 405, 175)"
bache_090.jpg,/content/drive/MyDrive/PDI/Proyectobaches/labeled/bache/bache_090.jpg,0.9998799562454224,0.1,True,severo,0.7232558139534884,"(0, 82, 970, 311)"
bache_091.jpg,/content/drive/MyDrive/PDI/Proyectobaches/labeled/bache/bache_091.jpg,0.9999922513961792,0.1,True,severo,0.7473040730819425,"(0, 82, 704, 340)"
bache_092.jpg,/content/drive/MyDrive/PDI/Proyectobaches/labeled/bache/bache_092.jpg,0.9999475479125977,0.1,True,moderado,0.5425052966101694,"(57, 79, 425, 241)"
bache_093.jpg,/content/drive/MyDrive/PDI/Proyectobaches/labeled/bache/bache_093.jpg,0.9999992847442627,0.1,True,moderado,0.6184895833333334,"(0, 256, 950, 512)"
bache_094.jpg,/content/drive/MyDrive/PDI/Proyectobaches/labeled/bache/bache_094.jpg,0.9999969005584717,0.1,True,severo,0.7648190122948004,"(0, 48, 655, 374)"
bache_095.jpg,/content/drive/MyDrive/PDI/Proyectobaches/labeled/bache/bache_095.jpg,0.9998527765274048,0.1,True,severo,0.6631666666666667,"(0, 70, 346, 230)"
bache_096.jpg,/content/drive/MyDrive/PDI/Proyectobaches/labeled/bache/bache_096.jpg,0.9755993485450745,0.1,True,leve,0.2910768813936629,"(273, 331, 713, 223)"
bache_097.jpg,/content/drive/MyDrive/PDI/Proyectobaches/labeled/bache/bache_097.jpg,0.9999908208847046,0.1,True,moderado,0.5115338345864662,"(130, 195, 870, 391)"
bache_098.jpg,/content/drive/MyDrive/PDI/Proyectobaches/labeled/bache/bache_098.jpg,0.9997894167900085,0.1,True,leve,0.47240605452895956,"(231, 170, 664, 298)"
bache_099.jpg,/content/drive/MyDrive/PDI/Proyectobaches/labeled/bache/bache_099.jpg,0.9994422793388367,0.1,True,leve,0.411943359375,"(253, 104, 387, 327)"
bache_10.jpg,/content/drive/MyDrive/PDI/Proyectobaches/labeled/bache/bache_10.jpg,0.9999960660934448,0.1,True,leve,0.49774859287054407,"(40, 68, 379, 210)"
bache_100.jpg,/content/drive/MyDrive/PDI/Proyectobaches/labeled/bache/bache_100.jpg,0.9998284578323364,0.1,True,moderado,0.5420560747663551,"(0, 147, 570, 174)"
bache_101.jpg,/content/drive/MyDrive/PDI/Proyectobaches/labeled/bache/bache_101.jpg,0.9999499320983887,0.1,True,leve,0.47296875,"(191, 286, 1009, 450)"
bache_102.jpg,/content/drive/MyDrive/PDI/Proyectobaches/labeled/bache/bache_102.jpg,0.9999668598175049,0.1,True,severo,0.837037037037037,"(0, 0, 226, 176)"
bache_103.jpg,/content/drive/MyDrive/PDI/Proyectobaches/labeled/bache/bache_103.jpg,0.9995039701461792,0.1,True,leve,0.4365833333333333,"(270, 262, 930, 338)"
bache_104.jpg,/content/drive/MyDrive/PDI/Proyectobaches/labeled/bache/bache_104.jpg,0.9999892711639404,0.1,True,moderado,0.5467672779396889,"(0, 233, 1082, 563)"
bache_105.jpg,/content/drive/MyDrive/PDI/Proyectobaches/labeled/bache/bache_105.jpg,0.9999877214431763,0.1,True,leve,0.4061273795220436,"(79, 195, 675, 324)"
bache_106.jpg,/content/drive/MyDrive/PDI/Proyectobaches/labeled/bache/bache_106.jpg,0.9998824596405029,0.1,True,leve,0.36830640372534923,"(281, 259, 764, 617)"
bache_107.jpg,/content/drive/MyDrive/PDI/Proyectobaches/labeled/bache/bache_107.jpg,0.999184787273407,0.1,True,severo,0.6579775280898876,"(0, 75, 366, 192)"
bache_108.jpg,/content/drive/MyDrive/PDI/Proyectobaches/labeled/bache/bache_108.jpg,0.9999082088470459,0.1,True,moderado,0.5334594309799789,"(363, 503, 1587, 957)"
bache_109.jpg,/content/drive/MyDrive/PDI/Proyectobaches/labeled/bache/bache_109.jpg,0.9999563694000244,0.1,True,moderado,0.6133181818181819,"(110, 90, 515, 262)"
bache_11.jpg,/content/drive/MyDrive/PDI/Proyectobaches/labeled/bache/bache_11.jpg,0.9999920129776001,0.1,True,severo,0.71,"(0, 87, 498, 213)"
bache_110.jpg,/content/drive/MyDrive/PDI/Proyectobaches/labeled/bache/bache_110.jpg,0.9999977350234985,0.1,True,severo,0.6555555555555556,"(0, 115, 600, 295)"
bache_111.jpg,/content/drive/MyDrive/PDI/Proyectobaches/labeled/bache/bache_111.jpg,0.9999613761901855,0.1,True,moderado,0.6374468085106383,"(158, 42, 539, 428)"
bache_112.jpg,/content/drive/MyDrive/PDI/Proyectobaches/labeled/bache/bache_112.jpg,0.9999756813049316,0.1,True,moderado,0.5586034912718204,"(0, 177, 534, 224)"
bache_113.jpg,/content/drive/MyDrive/PDI/Proyectobaches/labeled/bache/bache_113.jpg,0.9998838901519775,0.1,True,severo,0.7159090909090909,"(0, 100, 625, 252)"
bache_114.jpg,/content/drive/MyDrive/PDI/Proyectobaches/labeled/bache/bache_114.jpg,0.9998132586479187,0.1,True,severo,0.753648695054945,"(0, 0, 485, 362)"
bache_115.jpg,/content/drive/MyDrive/PDI/Proyectobaches/labeled/bache/bache_115.jpg,0.999609649181366,0.1,True,leve,0.3520625,"(221, 291, 786, 430)"
bache_116.jpg,/content/drive/MyDrive/PDI/Proyectobaches/labeled/bache/bache_116.jpg,0.9999356269836426,0.1,True,moderado,0.5958429561200924,"(0, 175, 650, 258)"
bache_117.jpg,/content/drive/MyDrive/PDI/Proyectobaches/labeled/bache/bache_117.jpg,0.9999831914901733,0.1,True,severo,0.7194465795541891,"(0, 365, 969, 936)"
bache_118.jpg,/content/drive/MyDrive/PDI/Proyectobaches/labeled/bache/bache_118.jpg,0.999487042427063,0.1,True,moderado,0.5670490264892578,"(447, 410, 1089, 1638)"
bache_119.jpg,/content/drive/MyDrive/PDI/Proyectobaches/labeled/bache/bache_119.jpg,0.9999755620956421,0.1,True,severo,0.6505681818181818,"(0, 123, 625, 229)"
bache_12.jpg,/content/drive/MyDrive/PDI/Proyectobaches/labeled/bache/bache_12.jpg,0.9998952150344849,0.1,True,leve,0.3626,"(67, 98, 259, 224)"
bache_120.jpg,/content/drive/MyDrive/PDI/Proyectobaches/labeled/bache/bache_120.jpg,0.9999033212661743,0.1,True,moderado,0.5214833333333333,"(0, 132, 467, 268)"
bache_121.jpg,/content/drive/MyDrive/PDI/Proyectobaches/labeled/bache/bache_121.jpg,0.7829208970069885,0.1,True,leve,0.33037434895833334,"(0, 269, 481, 211)"
bache_122.jpg,/content/drive/MyDrive/PDI/Proyectobaches/labeled/bache/bache_122.jpg,0.9999425411224365,0.1,True,severo,0.6508819304797472,"(68, 0, 474, 478)"
bache_123.jpg,/content/drive/MyDrive/PDI/Proyectobaches/labeled/bache/bache_123.jpg,0.999913215637207,0.1,True,severo,0.7939814814814815,"(0, 27, 294, 189)"
bache_124.jpg,/content/drive/MyDrive/PDI/Proyectobaches/labeled/bache/bache_124.jpg,0.9999396800994873,0.1,True,moderado,0.6392777777777777,"(0, 139, 555, 311)"
bache_125.jpg,/content/drive/MyDrive/PDI/Proyectobaches/labeled/bache/bache_125.jpg,0.9997344613075256,0.1,True,leve,0.46613727678571426,"(0, 797, 2838, 883)"
bache_126.jpg,/content/drive/MyDrive/PDI/Proyectobaches/labeled/bache/bache_126.jpg,0.9999369382858276,0.1,True,severo,0.7165157750342935,"(83, 29, 637, 328)"
bache_127.jpg,/content/drive/MyDrive/PDI/Proyectobaches/labeled/bache/bache_127.jpg,0.9998855590820312,0.1,True,moderado,0.6005859375,"(155, 228, 1125, 492)"
bache_128.jpg,/content/drive/MyDrive/PDI/Proyectobaches/labeled/bache/bache_128.jpg,0.9999819993972778,0.1,True,severo,0.7046875,"(0, 189, 960, 451)"
bache_129.jpg,/content/drive/MyDrive/PDI/Proyectobaches/labeled/bache/bache_129.jpg,0.999977707862854,0.1,True,moderado,0.5924170616113744,"(0, 172, 759, 250)"
bache_13.jpg,/content/drive/MyDrive/PDI/Proyectobaches/labeled/bache/bache_13.jpg,0.999964714050293,0.1,True,leve,0.32045,"(96, 78, 221, 232)"
bache_130.jpg,/content/drive/MyDrive/PDI/Proyectobaches/labeled/bache/bache_130.jpg,0.9999802112579346,0.1,True,moderado,0.5188873050477948,"(45, 67, 223, 111)"
bache_131.jpg,/content/drive/MyDrive/PDI/Proyectobaches/labeled/bache/bache_131.jpg,0.9999665021896362,0.1,True,severo,0.7643554300435988,"(85, 60, 611, 404)"
bache_132.jpg,/content/drive/MyDrive/PDI/Proyectobaches/labeled/bache/bache_132.jpg,0.9996553659439087,0.1,True,leve,0.4503004891684137,"(33, 116, 319, 202)"
bache_133.jpg,/content/drive/MyDrive/PDI/Proyectobaches/labeled/bache/bache_133.jpg,0.9999986886978149,0.1,True,leve,0.4942473865490362,"(183, 0, 311, 263)"
bache_134.jpg,/content/drive/MyDrive/PDI/Proyectobaches/labeled/bache/bache_134.jpg,0.9999585151672363,0.1,True,moderado,0.5304232804232805,"(0, 1420, 4032, 1604)"
bache_135.jpg,/content/drive/MyDrive/PDI/Proyectobaches/labeled/bache/bache_135.jpg,0.9999322891235352,0.1,True,leve,0.42544814814814813,"(72, 81, 313, 367)"
bache_136.jpg,/content/drive/MyDrive/PDI/Proyectobaches/labeled/bache/bache_136.jpg,0.9999042749404907,0.1,True,moderado,0.633311149691358,"(353, 0, 1378, 953)"
bache_137.jpg,/content/drive/MyDrive/PDI/Proyectobaches/labeled/bache/bache_137.jpg,0.9992068409919739,0.1,True,leve,0.37275043029259897,"(80, 168, 506, 214)"
bache_138.jpg,/content/drive/MyDrive/PDI/Proyectobaches/labeled/bache/bache_138.jpg,0.9999570846557617,0.1,True,moderado,0.5926393916626824,"(0, 168, 659, 316)"
bache_139.jpg,/content/drive/MyDrive/PDI/Proyectobaches/labeled/bache/bache_139.jpg,0.9999593496322632,0.1,True,leve,0.47122395833333336,"(0, 300, 1034, 420)"
bache_14.jpg,/content/drive/MyDrive/PDI/Proyectobaches/labeled/bache/bache_14.jpg,0.9999916553497314,0.1,True,leve,0.4004,"(45, 87, 286, 224)"
bache_140.jpg,/content/drive/MyDrive/PDI/Proyectobaches/labeled/bache/bache_140.jpg,0.9997320771217346,0.1,True,leve,0.37267458920187796,"(0, 224, 503, 202)"
bache_141.jpg,/content/drive/MyDrive/PDI/Proyectobaches/labeled/bache/bache_141.jpg,0.999957799911499,0.1,True,severo,0.8234375,"(0, 0, 527, 480)"
bache_142.jpg,/content/drive/MyDrive/PDI/Proyectobaches/labeled/bache/bache_142.jpg,0.9987149238586426,0.1,True,severo,0.6905311778290993,"(0, 134, 770, 299)"
bache_143.jpg,/content/drive/MyDrive/PDI/Proyectobaches/labeled/bache/bache_143.jpg,0.9999630451202393,0.1,True,moderado,0.6463758680555556,"(65, 101, 575, 259)"
bache_144.jpg,/content/drive/MyDrive/PDI/Proyectobaches/labeled/bache/bache_144.jpg,0.9991282820701599,0.1,True,severo,0.765625,"(105, 0, 343, 262)"
bache_145.jpg,/content/drive/MyDrive/PDI/Proyectobaches/labeled/bache/bache_145.jpg,0.9999532699584961,0.1,True,severo,0.6857142857142857,"(0, 110, 590, 240)"
bache_146.jpg,/content/drive/MyDrive/PDI/Proyectobaches/labeled/bache/bache_146.jpg,0.9997096657752991,0.1,True,leve,0.46561797752808987,"(64, 119, 336, 148)"
bache_147.jpg,/content/drive/MyDrive/PDI/Proyectobaches/labeled/bache/bache_147.jpg,0.9999560117721558,0.1,True,leve,0.4352292488365335,"(78, 346, 706, 681)"
bache_148.jpg,/content/drive/MyDrive/PDI/Proyectobaches/labeled/bache/bache_148.jpg,0.9999197721481323,0.1,True,leve,0.44416666666666665,"(175, 384, 1025, 416)"
bache_149.jpg,/content/drive/MyDrive/PDI/Proyectobaches/labeled/bache/bache_149.jpg,0.999975323677063,0.1,True,moderado,0.6299212598425197,"(0, 141, 678, 240)"
bache_15.jpg,/content/drive/MyDrive/PDI/Proyectobaches/labeled/bache/bache_15.jpg,0.9999951124191284,0.1,True,leve,0.47579375,"(43, 54, 269, 283)"
bache_150.jpg,/content/drive/MyDrive/PDI/Proyectobaches/labeled/bache/bache_150.jpg,0.9997715353965759,0.1,True,moderado,0.5981404958677686,"(0, 389, 650, 579)"
bache_151.jpg,/content/drive/MyDrive/PDI/Proyectobaches/labeled/bache/bache_151.jpg,0.9999680519104004,0.1,True,moderado,0.5445223271235723,"(125, 465, 736, 816)"
bache_152.jpg,/content/drive/MyDrive/PDI/Proyectobaches/labeled/bache/bache_152.jpg,0.9999297857284546,0.1,True,severo,0.7836575875486381,"(0, 0, 856, 1007)"
bache_153.jpg,/content/drive/MyDrive/PDI/Proyectobaches/labeled/bache/bache_153.jpg,0.9999620914459229,0.1,True,moderado,0.5641542163281293,"(112, 61, 355, 284)"
bache_154.jpg,/content/drive/MyDrive/PDI/Proyectobaches/labeled/bache/bache_154.jpg,0.9996304512023926,0.1,True,severo,0.6907875,"(292, 186, 1308, 1014)"
bache_155.jpg,/content/drive/MyDrive/PDI/Proyectobaches/labeled/bache/bache_155.jpg,0.9999125003814697,0.1,True,moderado,0.5940277777777778,"(109, 123, 611, 287)"
bache_156.jpg,/content/drive/MyDrive/PDI/Proyectobaches/labeled/bache/bache_156.jpg,0.9999980926513672,0.1,True,leve,0.3181635295180278,"(450, 245, 399, 874)"
bache_157.jpg,/content/drive/MyDrive/PDI/Proyectobaches/labeled/bache/bache_157.jpg,0.9999427795410156,0.1,True,moderado,0.5576748410535877,"(0, 170, 1500, 614)"
bache_158.jpg,/content/drive/MyDrive/PDI/Proyectobaches/labeled/bache/bache_158.jpg,0.9999738931655884,0.1,True,severo,0.68,"(0, 64, 300, 136)"
bache_159.jpg,/content/drive/MyDrive/PDI/Proyectobaches/labeled/bache/bache_159.jpg,0.9998806715011597,0.1,True,moderado,0.561737037037037,"(85, 86, 329, 461)"
bache_16.jpg,/content/drive/MyDrive/PDI/Proyectobaches/labeled/bache/bache_16.jpg,0.9997021555900574,0.1,True,moderado,0.627,"(0, 80, 342, 220)"
bache_160.jpg,/content/drive/MyDrive/PDI/Proyectobaches/labeled/bache/bache_160.jpg,0.9999369382858276,0.1,True,severo,0.7165157750342935,"(83, 29, 637, 328)"
bache_161.jpg,/content/drive/MyDrive/PDI/Proyectobaches/labeled/bache/bache_161.jpg,0.9950479865074158,0.1,True,leve,0.41700369455435804,"(0, 198, 654, 350)"
bache_162.jpg,/content/drive/MyDrive/PDI/Proyectobaches/labeled/bache/bache_162.jpg,0.9996920824050903,0.1,True,leve,0.356401384083045,"(46, 24, 120, 103)"
bache_163.jpg,/content/drive/MyDrive/PDI/Proyectobaches/labeled/bache/bache_163.jpg,0.9999911785125732,0.1,True,moderado,0.5014062385857257,"(0, 161, 578, 190)"
bache_164.jpg,/content/drive/MyDrive/PDI/Proyectobaches/labeled/bache/bache_164.jpg,0.9999443292617798,0.1,True,moderado,0.5736361343831433,"(103, 116, 431, 285)"
bache_165.jpg,/content/drive/MyDrive/PDI/Proyectobaches/labeled/bache/bache_165.jpg,0.9992619156837463,0.1,True,moderado,0.5278600823045267,"(15, 53, 101, 127)"
bache_166.jpg,/content/drive/MyDrive/PDI/Proyectobaches/labeled/bache/bache_166.jpg,0.9999723434448242,0.1,True,leve,0.4778125,"(29, 85, 231, 139)"
bache_167.jpg,/content/drive/MyDrive/PDI/Proyectobaches/labeled/bache/bache_167.jpg,0.9999889135360718,0.1,True,leve,0.390108803165183,"(69, 66, 340, 174)"
bache_168.jpg,/content/drive/MyDrive/PDI/Proyectobaches/labeled/bache/bache_168.jpg,0.9998760223388672,0.1,True,moderado,0.5679818594104309,"(0, 130, 303, 248)"
bache_169.jpg,/content/drive/MyDrive/PDI/Proyectobaches/labeled/bache/bache_169.jpg,0.999743640422821,0.1,True,severo,0.6808018504240555,"(414, 0, 883, 861)"
bache_17.jpg,/content/drive/MyDrive/PDI/Proyectobaches/labeled/bache/bache_17.jpg,0.9994557499885559,0.1,True,leve,0.38590625,"(95, 92, 233, 265)"
bache_170.jpg,/content/drive/MyDrive/PDI/Proyectobaches/labeled/bache/bache_170.jpg,0.9998571872711182,0.1,True,leve,0.44249482611695007,"(145, 219, 1053, 466)"
bache_171.jpg,/content/drive/MyDrive/PDI/Proyectobaches/labeled/bache/bache_171.jpg,0.9983062744140625,0.1,True,moderado,0.5466666666666666,"(0, 136, 450, 164)"
bache_172.jpg,/content/drive/MyDrive/PDI/Proyectobaches/labeled/bache/bache_172.jpg,0.9998941421508789,0.1,True,moderado,0.5200057529802323,"(0, 176, 643, 343)"
bache_173.jpg,/content/drive/MyDrive/PDI/Proyectobaches/labeled/bache/bache_173.jpg,0.9996769428253174,0.1,True,leve,0.4740798611111111,"(426, 298, 1494, 658)"
bache_174.jpg,/content/drive/MyDrive/PDI/Proyectobaches/labeled/bache/bache_174.jpg,0.9998258948326111,0.1,True,moderado,0.5524781868867891,"(125, 262, 1090, 420)"
bache_175.jpg,/content/drive/MyDrive/PDI/Proyectobaches/labeled/bache/bache_175.jpg,0.999994158744812,0.1,True,severo,0.7819548872180451,"(0, 32, 400, 208)"
bache_176.jpg,/content/drive/MyDrive/PDI/Proyectobaches/labeled/bache/bache_176.jpg,0.9999922513961792,0.1,True,moderado,0.5775424382716049,"(82, 199, 878, 341)"
bache_177.jpg,/content/drive/MyDrive/PDI/Proyectobaches/labeled/bache/bache_177.jpg,0.9975346326828003,0.1,True,leve,0.21360259495657632,"(0, 267, 346, 236)"
bache_178.jpg,/content/drive/MyDrive/PDI/Proyectobaches/labeled/bache/bache_178.jpg,0.9999866485595703,0.1,True,moderado,0.535676852016344,"(129, 351, 1171, 515)"
bache_179.jpg,/content/drive/MyDrive/PDI/Proyectobaches/labeled/bache/bache_179.jpg,0.9999738931655884,0.1,True,moderado,0.6408805031446541,"(0, 571, 2525, 1019)"
bache_18.jpg,/content/drive/MyDrive/PDI/Proyectobaches/labeled/bache/bache_18.jpg,0.9998970031738281,0.1,True,moderado,0.5764592592592592,"(65, 67, 334, 233)"
bache_180.jpg,/content/drive/MyDrive/PDI/Proyectobaches/labeled/bache/bache_180.jpg,0.9999599456787109,0.1,True,leve,0.4669,"(52, 139, 348, 161)"
bache_181.jpg,/content/drive/MyDrive/PDI/Proyectobaches/labeled/bache/bache_181.jpg,0.9999620914459229,0.1,True,moderado,0.5001968828991324,"(99, 243, 743, 318)"
bache_182.jpg,/content/drive/MyDrive/PDI/Proyectobaches/labeled/bache/bache_182.jpg,0.9999755620956421,0.1,True,severo,0.6505681818181818,"(0, 123, 625, 229)"
bache_183.jpg,/content/drive/MyDrive/PDI/Proyectobaches/labeled/bache/bache_183.jpg,0.9999096393585205,0.1,True,moderado,0.6040833333333333,"(126, 0, 880, 1318)"
bache_184.jpg,/content/drive/MyDrive/PDI/Proyectobaches/labeled/bache/bache_184.jpg,0.9999996423721313,0.1,True,moderado,0.512874531835206,"(47, 70, 313, 175)"
bache_185.jpg,/content/drive/MyDrive/PDI/Proyectobaches/labeled/bache/bache_185.jpg,0.9999790191650391,0.1,True,leve,0.4947642507914505,"(124, 67, 558, 284)"
bache_186.jpg,/content/drive/MyDrive/PDI/Proyectobaches/labeled/bache/bache_186.jpg,0.9998792409896851,0.1,True,severo,0.9111969111969112,"(46, 0, 472, 355)"
bache_187.jpg,/content/drive/MyDrive/PDI/Proyectobaches/labeled/bache/bache_187.jpg,0.9998974800109863,0.1,True,moderado,0.5997001499250375,"(0, 267, 1000, 400)"
bache_188.jpg,/content/drive/MyDrive/PDI/Proyectobaches/labeled/bache/bache_188.jpg,0.9995935559272766,0.1,True,moderado,0.5125057184079952,"(0, 149, 547, 213)"
bache_189.jpg,/content/drive/MyDrive/PDI/Proyectobaches/labeled/bache/bache_189.jpg,0.9999263286590576,0.1,True,severo,0.6886622675464907,"(0, 519, 2500, 1148)"
bache_19.jpg,/content/drive/MyDrive/PDI/Proyectobaches/labeled/bache/bache_19.jpg,0.9999521970748901,0.1,True,leve,0.46099375,"(68, 71, 257, 287)"
bache_190.jpg,/content/drive/MyDrive/PDI/Proyectobaches/labeled/bache/bache_190.jpg,0.9998371601104736,0.1,True,moderado,0.5885622279205677,"(0, 117, 507, 292)"
bache_191.jpg,/content/drive/MyDrive/PDI/Proyectobaches/labeled/bache/bache_191.jpg,0.9999313354492188,0.1,True,moderado,0.6045978372405083,"(71, 103, 499, 307)"
bache_192.jpg,/content/drive/MyDrive/PDI/Proyectobaches/labeled/bache/bache_192.jpg,0.9999134540557861,0.1,True,moderado,0.5235555555555556,"(0, 536, 1500, 589)"
bache_193.jpg,/content/drive/MyDrive/PDI/Proyectobaches/labeled/bache/bache_193.jpg,0.9993107318878174,0.1,True,severo,0.7098,"(27, 18, 273, 156)"
bache_194.jpg,/content/drive/MyDrive/PDI/Proyectobaches/labeled/bache/bache_194.jpg,0.9999394416809082,0.1,True,moderado,0.5382295081967213,"(97, 162, 513, 288)"
bache_195.jpg,/content/drive/MyDrive/PDI/Proyectobaches/labeled/bache/bache_195.jpg,0.9988939166069031,0.1,True,severo,0.7006802721088435,"(0, 176, 306, 412)"
bache_196.jpg,/content/drive/MyDrive/PDI/Proyectobaches/labeled/bache/bache_196.jpg,0.9999533891677856,0.1,True,leve,0.3795572916666667,"(142, 128, 424, 275)"
bache_197.jpg,/content/drive/MyDrive/PDI/Proyectobaches/labeled/bache/bache_197.jpg,0.9997077584266663,0.1,True,severo,0.845,"(58, 0, 676, 530)"
bache_198.jpg,/content/drive/MyDrive/PDI/Proyectobaches/labeled/bache/bache_198.jpg,0.9996486902236938,0.1,True,leve,0.333359375,"(156, 120, 408, 251)"
bache_199.jpg,/content/drive/MyDrive/PDI/Proyectobaches/labeled/bache/bache_199.jpg,0.9999799728393555,0.1,True,moderado,0.5148514851485149,"(0, 196, 647, 208)"
bache_20.jpg,/content/drive/MyDrive/PDI/Proyectobaches/labeled/bache/bache_20.jpg,0.9999839067459106,0.1,True,severo,0.8521739130434782,"(0, 0, 392, 300)"
bache_200.jpg,/content/drive/MyDrive/PDI/Proyectobaches/labeled/bache/bache_200.jpg,0.9993855953216553,0.1,True,moderado,0.5850467289719626,"(222, 0, 313, 443)"
bache_201.jpg,/content/drive/MyDrive/PDI/Proyectobaches/labeled/bache/bache_201.jpg,0.9994295239448547,0.1,True,severo,0.6576676286811062,"(63, 102, 471, 299)"
bache_202.jpg,/content/drive/MyDrive/PDI/Proyectobaches/labeled/bache/bache_202.jpg,0.9999604225158691,0.1,True,leve,0.45086593826110055,"(147, 195, 1052, 476)"
bache_203.jpg,/content/drive/MyDrive/PDI/Proyectobaches/labeled/bache/bache_203.jpg,0.9997366070747375,0.1,True,moderado,0.6077625252595638,"(0, 129, 623, 252)"
bache_204.jpg,/content/drive/MyDrive/PDI/Proyectobaches/labeled/bache/bache_204.jpg,0.999980092048645,0.1,True,moderado,0.513164645469446,"(142, 402, 640, 883)"
bache_205.jpg,/content/drive/MyDrive/PDI/Proyectobaches/labeled/bache/bache_205.jpg,0.9997714161872864,0.1,True,leve,0.49609756097560975,"(0, 81, 452, 279)"
bache_206.jpg,/content/drive/MyDrive/PDI/Proyectobaches/labeled/bache/bache_206.jpg,0.9999091625213623,0.1,True,leve,0.4272,"(27, 48, 144, 89)"
bache_207.jpg,/content/drive/MyDrive/PDI/Proyectobaches/labeled/bache/bache_207.jpg,0.999944806098938,0.1,True,moderado,0.542421875,"(232, 243, 1048, 477)"
bache_208.jpg,/content/drive/MyDrive/PDI/Proyectobaches/labeled/bache/bache_208.jpg,0.9999889135360718,0.1,True,moderado,0.6100236012772456,"(108, 129, 676, 312)"
bache_209.jpg,/content/drive/MyDrive/PDI/Proyectobaches/labeled/bache/bache_209.jpg,0.05587808042764664,0.1,False,sin_bache,0.0,
bache_21.jpg,/content/drive/MyDrive/PDI/Proyectobaches/labeled/bache/bache_21.jpg,0.9994516968727112,0.1,True,leve,0.3504949053857351,"(0, 101, 242, 199)"
bache_210.jpg,/content/drive/MyDrive/PDI/Proyectobaches/labeled/bache/bache_210.jpg,0.9999985694885254,0.1,True,moderado,0.5887447289265,"(103, 130, 533, 307)"
bache_211.jpg,/content/drive/MyDrive/PDI/Proyectobaches/labeled/bache/bache_211.jpg,0.9999955892562866,0.1,True,severo,0.76,"(0, 48, 200, 152)"
bache_212.jpg,/content/drive/MyDrive/PDI/Proyectobaches/labeled/bache/bache_212.jpg,0.9999656677246094,0.1,True,severo,0.75625,"(0, 39, 400, 121)"
bache_213.jpg,/content/drive/MyDrive/PDI/Proyectobaches/labeled/bache/bache_213.jpg,0.9998735189437866,0.1,True,leve,0.48222942422161175,"(230, 544, 1642, 821)"
bache_214.jpg,/content/drive/MyDrive/PDI/Proyectobaches/labeled/bache/bache_214.jpg,0.9997530579566956,0.1,True,severo,0.8044444444444444,"(0, 132, 1080, 543)"
bache_215.jpg,/content/drive/MyDrive/PDI/Proyectobaches/labeled/bache/bache_215.jpg,0.9963650703430176,0.1,True,leve,0.3181745810055866,"(112, 226, 557, 409)"
bache_216.jpg,/content/drive/MyDrive/PDI/Proyectobaches/labeled/bache/bache_216.jpg,0.9998605251312256,0.1,True,severo,0.7138888888888889,"(0, 206, 1280, 514)"
bache_217.jpg,/content/drive/MyDrive/PDI/Proyectobaches/labeled/bache/bache_217.jpg,0.9998370409011841,0.1,True,leve,0.4520274953789279,"(84, 119, 705, 333)"
bache_218.jpg,/content/drive/MyDrive/PDI/Proyectobaches/labeled/bache/bache_218.jpg,0.999980092048645,0.1,True,moderado,0.5360102843315184,"(84, 316, 854, 1079)"
bache_219.jpg,/content/drive/MyDrive/PDI/Proyectobaches/labeled/bache/bache_219.jpg,0.9999444484710693,0.1,True,moderado,0.6366666666666667,"(0, 109, 400, 191)"
bache_22.jpg,/content/drive/MyDrive/PDI/Proyectobaches/labeled/bache/bache_22.jpg,0.999992847442627,0.1,True,moderado,0.5951219512195122,"(34, 39, 366, 220)"
bache_220.jpg,/content/drive/MyDrive/PDI/Proyectobaches/labeled/bache/bache_220.jpg,0.9999308586120605,0.1,True,severo,0.6955555555555556,"(0, 137, 800, 313)"
bache_221.jpg,/content/drive/MyDrive/PDI/Proyectobaches/labeled/bache/bache_221.jpg,0.9999351501464844,0.1,True,leve,0.4454515245225694,"(0, 148, 686, 383)"
bache_222.jpg,/content/drive/MyDrive/PDI/Proyectobaches/labeled/bache/bache_222.jpg,0.9999889135360718,0.1,True,severo,0.6542985205405587,"(0, 118, 550, 353)"
bache_223.jpg,/content/drive/MyDrive/PDI/Proyectobaches/labeled/bache/bache_223.jpg,0.9999977350234985,0.1,True,leve,0.4002216271123834,"(0, 228, 550, 197)"
bache_224.jpg,/content/drive/MyDrive/PDI/Proyectobaches/labeled/bache/bache_224.jpg,0.9999927282333374,0.1,True,moderado,0.5657142857142857,"(97, 80, 627, 384)"
bache_225.jpg,/content/drive/MyDrive/PDI/Proyectobaches/labeled/bache/bache_225.jpg,0.9999972581863403,0.1,True,severo,0.7205882352941176,"(0, 190, 1024, 490)"
bache_226.jpg,/content/drive/MyDrive/PDI/Proyectobaches/labeled/bache/bache_226.jpg,0.9999672174453735,0.1,True,moderado,0.6146682188591386,"(0, 209, 1293, 528)"
bache_227.jpg,/content/drive/MyDrive/PDI/Proyectobaches/labeled/bache/bache_227.jpg,0.9999725818634033,0.1,True,moderado,0.5649261474609375,"(80, 123, 774, 574)"
bache_228.jpg,/content/drive/MyDrive/PDI/Proyectobaches/labeled/bache/bache_228.jpg,0.9997463822364807,0.1,True,moderado,0.5881147540983607,"(0, 201, 650, 287)"
bache_229.jpg,/content/drive/MyDrive/PDI/Proyectobaches/labeled/bache/bache_229.jpg,0.9995878338813782,0.1,True,severo,0.655,"(268, 0, 786, 600)"
bache_23.jpg,/content/drive/MyDrive/PDI/Proyectobaches/labeled/bache/bache_23.jpg,0.9999967813491821,0.1,True,severo,0.7159090909090909,"(0, 125, 300, 315)"
bache_230.jpg,/content/drive/MyDrive/PDI/Proyectobaches/labeled/bache/bache_230.jpg,0.9997597336769104,0.1,True,severo,0.8585858585858586,"(0, 112, 1280, 680)"
bache_231.jpg,/content/drive/MyDrive/PDI/Proyectobaches/labeled/bache/bache_231.jpg,0.9999597072601318,0.1,True,leve,0.4146387006600026,"(304, 464, 2197, 1131)"
bache_232.jpg,/content/drive/MyDrive/PDI/Proyectobaches/labeled/bache/bache_232.jpg,0.999990701675415,0.1,True,moderado,0.6043284752680312,"(154, 245, 1214, 523)"
bache_233.jpg,/content/drive/MyDrive/PDI/Proyectobaches/labeled/bache/bache_233.jpg,0.9999351501464844,0.1,True,moderado,0.5063040421792618,"(119, 242, 881, 327)"
bache_234.jpg,/content/drive/MyDrive/PDI/Proyectobaches/labeled/bache/bache_234.jpg,0.9998130202293396,0.1,True,moderado,0.5321392532795156,"(98, 173, 796, 795)"
bache_235.jpg,/content/drive/MyDrive/PDI/Proyectobaches/labeled/bache/bache_235.jpg,0.9999996423721313,0.1,True,moderado,0.6489583333333333,"(113, 89, 623, 445)"
bache_236.jpg,/content/drive/MyDrive/PDI/Proyectobaches/labeled/bache/bache_236.jpg,0.9999057054519653,0.1,True,severo,0.8863636363636364,"(0, 0, 940, 468)"
bache_237.jpg,/content/drive/MyDrive/PDI/Proyectobaches/labeled/bache/bache_237.jpg,0.9998760223388672,0.1,True,leve,0.39358532507682104,"(142, 186, 392, 215)"
bache_238.jpg,/content/drive/MyDrive/PDI/Proyectobaches/labeled/bache/bache_238.jpg,0.9995977282524109,0.1,True,leve,0.3587763945250705,"(81, 239, 535, 195)"
bache_239.jpg,/content/drive/MyDrive/PDI/Proyectobaches/labeled/bache/bache_239.jpg,0.9999923706054688,0.1,True,severo,0.7341005940082644,"(189, 403, 2403, 1533)"
bache_24.jpg,/content/drive/MyDrive/PDI/Proyectobaches/labeled/bache/bache_24.jpg,0.9995207786560059,0.1,True,moderado,0.5152941176470588,"(0, 120, 365, 180)"
bache_240.jpg,/content/drive/MyDrive/PDI/Proyectobaches/labeled/bache/bache_240.jpg,0.9998548030853271,0.1,True,leve,0.42857142857142855,"(0, 152, 400, 114)"
bache_241.jpg,/content/drive/MyDrive/PDI/Proyectobaches/labeled/bache/bache_241.jpg,0.9997610449790955,0.1,True,leve,0.30111666666666664,"(244, 160, 356, 203)"
bache_242.jpg,/content/drive/MyDrive/PDI/Proyectobaches/labeled/bache/bache_242.jpg,0.9999918937683105,0.1,True,leve,0.4716729058159722,"(71, 297, 443, 471)"
bache_243.jpg,/content/drive/MyDrive/PDI/Proyectobaches/labeled/bache/bache_243.jpg,0.9999767541885376,0.1,True,leve,0.43490902413270693,"(0, 208, 580, 196)"
bache_244.jpg,/content/drive/MyDrive/PDI/Proyectobaches/labeled/bache/bache_244.jpg,0.999908447265625,0.1,True,severo,0.6816666666666666,"(161, 0, 818, 800)"
bache_245.jpg,/content/drive/MyDrive/PDI/Proyectobaches/labeled/bache/bache_245.jpg,0.9998990297317505,0.1,True,moderado,0.5986695278969957,"(51, 0, 518, 377)"
bache_246.jpg,/content/drive/MyDrive/PDI/Proyectobaches/labeled/bache/bache_246.jpg,0.9999903440475464,0.1,True,moderado,0.6440110027506877,"(57, 61, 474, 326)"
bache_247.jpg,/content/drive/MyDrive/PDI/Proyectobaches/labeled/bache/bache_247.jpg,0.9998700618743896,0.1,True,moderado,0.6035242290748899,"(0, 270, 968, 411)"
bache_248.jpg,/content/drive/MyDrive/PDI/Proyectobaches/labeled/bache/bache_248.jpg,0.9999775886535645,0.1,True,severo,0.6533333333333333,"(0, 78, 400, 147)"
bache_249.jpg,/content/drive/MyDrive/PDI/Proyectobaches/labeled/bache/bache_249.jpg,0.9999479055404663,0.1,True,moderado,0.6111869031377899,"(0, 206, 1100, 448)"
bache_25.jpg,/content/drive/MyDrive/PDI/Proyectobaches/labeled/bache/bache_25.jpg,0.9999643564224243,0.1,True,leve,0.39229166666666665,"(97, 83, 269, 175)"
bache_250.jpg,/content/drive/MyDrive/PDI/Proyectobaches/labeled/bache/bache_250.jpg,0.9999914169311523,0.1,True,moderado,0.5632904431980644,"(124, 270, 1066, 591)"
bache_251.jpg,/content/drive/MyDrive/PDI/Proyectobaches/labeled/bache/bache_251.jpg,0.9999796152114868,0.1,True,severo,0.686456400742115,"(0, 0, 1000, 370)"
bache_252.jpg,/content/drive/MyDrive/PDI/Proyectobaches/labeled/bache/bache_252.jpg,0.9996410608291626,0.1,True,moderado,0.5575267688431661,"(205, 104, 565, 329)"
bache_253.jpg,/content/drive/MyDrive/PDI/Proyectobaches/labeled/bache/bache_253.jpg,0.9999438524246216,0.1,True,severo,0.7664670658682635,"(0, 52, 500, 256)"
bache_254.jpg,/content/drive/MyDrive/PDI/Proyectobaches/labeled/bache/bache_254.jpg,0.9999117851257324,0.1,True,leve,0.2969421052631579,"(90, 277, 759, 223)"
bache_255.jpg,/content/drive/MyDrive/PDI/Proyectobaches/labeled/bache/bache_255.jpg,0.9997726082801819,0.1,True,moderado,0.5875260416666667,"(54, 129, 586, 231)"
bache_256.jpg,/content/drive/MyDrive/PDI/Proyectobaches/labeled/bache/bache_256.jpg,0.999833345413208,0.1,True,severo,0.6755852842809364,"(0, 97, 450, 202)"
bache_257.jpg,/content/drive/MyDrive/PDI/Proyectobaches/labeled/bache/bache_257.jpg,0.9996827840805054,0.1,True,moderado,0.5656732891832229,"(0, 787, 2800, 1025)"
bache_258.jpg,/content/drive/MyDrive/PDI/Proyectobaches/labeled/bache/bache_258.jpg,0.9999936819076538,0.1,True,leve,0.4718891059027778,"(123, 182, 1033, 421)"
bache_259.jpg,/content/drive/MyDrive/PDI/Proyectobaches/labeled/bache/bache_259.jpg,0.9998751878738403,0.1,True,leve,0.41075,"(644, 376, 1488, 1060)"
bache_26.jpg,/content/drive/MyDrive/PDI/Proyectobaches/labeled/bache/bache_26.jpg,0.9998935461044312,0.1,True,leve,0.4465125,"(100, 36, 243, 294)"
bache_260.jpg,/content/drive/MyDrive/PDI/Proyectobaches/labeled/bache/bache_260.jpg,0.9999202489852905,0.1,True,moderado,0.5633833333333333,"(184, 0, 616, 439)"
bache_261.jpg,/content/drive/MyDrive/PDI/Proyectobaches/labeled/bache/bache_261.jpg,0.9997878670692444,0.1,True,leve,0.47675667032163743,"(0, 299, 1068, 469)"
bache_262.jpg,/content/drive/MyDrive/PDI/Proyectobaches/labeled/bache/bache_262.jpg,0.9999175071716309,0.1,True,leve,0.4414965986394558,"(48, 117, 295, 198)"
bache_263.jpg,/content/drive/MyDrive/PDI/Proyectobaches/labeled/bache/bache_263.jpg,0.9998725652694702,0.1,True,moderado,0.5962479111269929,"(114, 117, 636, 446)"
bache_264.jpg,/content/drive/MyDrive/PDI/Proyectobaches/labeled/bache/bache_264.jpg,0.9999444484710693,0.1,True,moderado,0.553366352489019,"(0, 93, 740, 523)"
bache_265.jpg,/content/drive/MyDrive/PDI/Proyectobaches/labeled/bache/bache_265.jpg,0.9997965693473816,0.1,True,leve,0.47501157407407407,"(194, 73, 286, 287)"
bache_266.jpg,/content/drive/MyDrive/PDI/Proyectobaches/labeled/bache/bache_266.jpg,0.9998979568481445,0.1,True,leve,0.40728888888888887,"(38, 48, 158, 87)"
bache_267.jpg,/content/drive/MyDrive/PDI/Proyectobaches/labeled/bache/bache_267.jpg,0.9989516735076904,0.1,True,leve,0.406875,"(350, 0, 450, 434)"
bache_268.jpg,/content/drive/MyDrive/PDI/Proyectobaches/labeled/bache/bache_268.jpg,0.9999790191650391,0.1,True,moderado,0.5703812316715543,"(0, 293, 1024, 389)"
bache_269.jpg,/content/drive/MyDrive/PDI/Proyectobaches/labeled/bache/bache_269.jpg,0.9987469911575317,0.1,True,leve,0.45640625,"(132, 95, 508, 207)"
bache_27.jpg,/content/drive/MyDrive/PDI/Proyectobaches/labeled/bache/bache_27.jpg,0.999962568283081,0.1,True,leve,0.3229125,"(96, 79, 237, 218)"
bache_270.jpg,/content/drive/MyDrive/PDI/Proyectobaches/labeled/bache/bache_270.jpg,0.9998536109924316,0.1,True,moderado,0.5419453525689092,"(136, 148, 634, 285)"
bache_271.jpg,/content/drive/MyDrive/PDI/Proyectobaches/labeled/bache/bache_271.jpg,0.9998817443847656,0.1,True,leve,0.3725,"(64, 0, 300, 149)"
bache_272.jpg,/content/drive/MyDrive/PDI/Proyectobaches/labeled/bache/bache_272.jpg,0.9999871253967285,0.1,True,moderado,0.5496585480723946,"(0, 235, 1427, 687)"
bache_273.jpg,/content/drive/MyDrive/PDI/Proyectobaches/labeled/bache/bache_273.jpg,0.9999933242797852,0.1,True,leve,0.4141779497098646,"(0, 127, 437, 343)"
bache_274.jpg,/content/drive/MyDrive/PDI/Proyectobaches/labeled/bache/bache_274.jpg,0.9999972581863403,0.1,True,severo,0.7205882352941176,"(0, 190, 1024, 490)"
bache_275.jpg,/content/drive/MyDrive/PDI/Proyectobaches/labeled/bache/bache_275.jpg,0.9998924732208252,0.1,True,severo,0.7908847184986595,"(0, 78, 840, 295)"
bache_276.jpg,/content/drive/MyDrive/PDI/Proyectobaches/labeled/bache/bache_276.jpg,0.9936343431472778,0.1,True,moderado,0.5229973591549296,"(58, 181, 582, 245)"
bache_277.jpg,/content/drive/MyDrive/PDI/Proyectobaches/labeled/bache/bache_277.jpg,0.9999986886978149,0.1,True,severo,0.7346938775510204,"(132, 0, 576, 441)"
bache_278.jpg,/content/drive/MyDrive/PDI/Proyectobaches/labeled/bache/bache_278.jpg,0.9988430738449097,0.1,True,leve,0.4477697408077155,"(48, 91, 332, 179)"
bache_279.jpg,/content/drive/MyDrive/PDI/Proyectobaches/labeled/bache/bache_279.jpg,0.9999951124191284,0.1,True,leve,0.4133596837944664,"(111, 37, 252, 166)"
bache_28.jpg,/content/drive/MyDrive/PDI/Proyectobaches/labeled/bache/bache_28.jpg,0.9999531507492065,0.1,True,moderado,0.5907875,"(52, 0, 313, 302)"
bache_280.jpg,/content/drive/MyDrive/PDI/Proyectobaches/labeled/bache/bache_280.jpg,0.9999741315841675,0.1,True,leve,0.4633267019716626,"(0, 94, 439, 226)"
bache_281.jpg,/content/drive/MyDrive/PDI/Proyectobaches/labeled/bache/bache_281.jpg,0.9995635151863098,0.1,True,moderado,0.503976833976834,"(0, 176, 687, 209)"
bache_282.jpg,/content/drive/MyDrive/PDI/Proyectobaches/labeled/bache/bache_282.jpg,0.9998893737792969,0.1,True,severo,0.6822469528351881,"(0, 0, 328, 157)"
bache_283.jpg,/content/drive/MyDrive/PDI/Proyectobaches/labeled/bache/bache_283.jpg,0.9952765703201294,0.1,True,moderado,0.6284314631666512,"(97, 89, 523, 260)"
bache_284.jpg,/content/drive/MyDrive/PDI/Proyectobaches/labeled/bache/bache_284.jpg,0.9998936653137207,0.1,True,moderado,0.5896875,"(0, 87, 296, 153)"
bache_285.jpg,/content/drive/MyDrive/PDI/Proyectobaches/labeled/bache/bache_285.jpg,0.9999819993972778,0.1,True,moderado,0.6160458452722063,"(0, 52, 620, 215)"
bache_286.jpg,/content/drive/MyDrive/PDI/Proyectobaches/labeled/bache/bache_286.jpg,0.9999995231628418,0.1,True,severo,0.7305555555555555,"(0, 194, 1280, 526)"
bache_287.jpg,/content/drive/MyDrive/PDI/Proyectobaches/labeled/bache/bache_287.jpg,0.9999992847442627,0.1,True,severo,0.8429752066115702,"(0, 57, 405, 306)"
bache_288.jpg,/content/drive/MyDrive/PDI/Proyectobaches/labeled/bache/bache_288.jpg,0.9999569654464722,0.1,True,severo,0.6895876598946576,"(217, 301, 1783, 1028)"
bache_289.jpg,/content/drive/MyDrive/PDI/Proyectobaches/labeled/bache/bache_289.jpg,0.999974250793457,0.1,True,severo,0.7843137254901961,"(0, 110, 634, 400)"
bache_29.jpg,/content/drive/MyDrive/PDI/Proyectobaches/labeled/bache/bache_29.jpg,0.9999653100967407,0.1,True,leve,0.422625,"(100, 52, 230, 294)"
bache_290.jpg,/content/drive/MyDrive/PDI/Proyectobaches/labeled/bache/bache_290.jpg,0.9999775886535645,0.1,True,moderado,0.570654296875,"(149, 191, 1131, 465)"
bache_291.jpg,/content/drive/MyDrive/PDI/Proyectobaches/labeled/bache/bache_291.jpg,0.9999957084655762,0.1,True,moderado,0.5962283782026271,"(0, 95, 584, 314)"
bache_292.jpg,/content/drive/MyDrive/PDI/Proyectobaches/labeled/bache/bache_292.jpg,0.9999418258666992,0.1,True,moderado,0.5722539609993906,"(0, 159, 866, 347)"
bache_293.jpg,/content/drive/MyDrive/PDI/Proyectobaches/labeled/bache/bache_293.jpg,0.9999685287475586,0.1,True,moderado,0.5215356394129979,"(0, 175, 659, 302)"
bache_294.jpg,/content/drive/MyDrive/PDI/Proyectobaches/labeled/bache/bache_294.jpg,0.9998937845230103,0.1,True,leve,0.4265802675585284,"(0, 167, 652, 313)"
bache_295.jpg,/content/drive/MyDrive/PDI/Proyectobaches/labeled/bache/bache_295.jpg,0.9999781847000122,0.1,True,moderado,0.512736,"(118, 314, 882, 436)"
bache_296.jpg,/content/drive/MyDrive/PDI/Proyectobaches/labeled/bache/bache_296.jpg,0.9998053908348083,0.1,True,leve,0.4599481441048035,"(0, 255, 749, 432)"
bache_297.jpg,/content/drive/MyDrive/PDI/Proyectobaches/labeled/bache/bache_297.jpg,0.9999738931655884,0.1,True,moderado,0.5092210031347962,"(0, 101, 871, 373)"
bache_298.jpg,/content/drive/MyDrive/PDI/Proyectobaches/labeled/bache/bache_298.jpg,0.9999626874923706,0.1,True,severo,0.7156862745098039,"(0, 181, 1632, 876)"
bache_299.jpg,/content/drive/MyDrive/PDI/Proyectobaches/labeled/bache/bache_299.jpg,0.9996805191040039,0.1,True,leve,0.49749131944444447,"(388, 206, 892, 514)"
bache_30.jpg,/content/drive/MyDrive/PDI/Proyectobaches/labeled/bache/bache_30.jpg,0.999932050704956,0.1,True,moderado,0.50065,"(77, 152, 323, 248)"
bache_300.jpg,/content/drive/MyDrive/PDI/Proyectobaches/labeled/bache/bache_300.jpg,0.9930045008659363,0.1,True,leve,0.4863232421875,"(233, 229, 727, 411)"
bache_301.jpg,/content/drive/MyDrive/PDI/Proyectobaches/labeled/bache/bache_301.jpg,0.9999896287918091,0.1,True,moderado,0.5736584618135834,"(0, 65, 499, 270)"
bache_302.jpg,/content/drive/MyDrive/PDI/Proyectobaches/labeled/bache/bache_302.jpg,0.9999911785125732,0.1,True,severo,0.6853658536585366,"(0, 129, 615, 281)"
bache_303.jpg,/content/drive/MyDrive/PDI/Proyectobaches/labeled/bache/bache_303.jpg,0.9999880790710449,0.1,True,moderado,0.5132785500345596,"(0, 53, 282, 237)"
bache_304.jpg,/content/drive/MyDrive/PDI/Proyectobaches/labeled/bache/bache_304.jpg,0.9998986721038818,0.1,True,moderado,0.5933933933933934,"(34, 72, 416, 190)"
bache_305.jpg,/content/drive/MyDrive/PDI/Proyectobaches/labeled/bache/bache_305.jpg,0.9999765157699585,0.1,True,severo,0.6762886597938145,"(0, 102, 727, 328)"
bache_306.jpg,/content/drive/MyDrive/PDI/Proyectobaches/labeled/bache/bache_306.jpg,0.9995337724685669,0.1,True,leve,0.37309228650137743,"(163, 222, 497, 218)"
bache_307.jpg,/content/drive/MyDrive/PDI/Proyectobaches/labeled/bache/bache_307.jpg,0.9999450445175171,0.1,True,leve,0.4154477611940299,"(0, 231, 586, 209)"
bache_308.jpg,/content/drive/MyDrive/PDI/Proyectobaches/labeled/bache/bache_308.jpg,0.9999150037765503,0.1,True,leve,0.46141666666666664,"(235, 208, 565, 392)"
bache_309.jpg,/content/drive/MyDrive/PDI/Proyectobaches/labeled/bache/bache_309.jpg,0.999852180480957,0.1,True,moderado,0.5834218542529095,"(67, 116, 503, 297)"
bache_31.jpg,/content/drive/MyDrive/PDI/Proyectobaches/labeled/bache/bache_31.jpg,0.999968409538269,0.1,True,leve,0.4843706777316736,"(79, 35, 340, 206)"
bache_310.jpg,/content/drive/MyDrive/PDI/Proyectobaches/labeled/bache/bache_310.jpg,0.9999902248382568,0.1,True,moderado,0.59393310546875,"(145, 50, 666, 526)"
bache_311.jpg,/content/drive/MyDrive/PDI/Proyectobaches/labeled/bache/bache_311.jpg,0.9999614953994751,0.1,True,moderado,0.5828984509466437,"(0, 282, 618, 548)"
bache_312.jpg,/content/drive/MyDrive/PDI/Proyectobaches/labeled/bache/bache_312.jpg,0.9999257326126099,0.1,True,moderado,0.5386533665835411,"(0, 141, 534, 216)"
bache_313.jpg,/content/drive/MyDrive/PDI/Proyectobaches/labeled/bache/bache_313.jpg,0.9999990463256836,0.1,True,moderado,0.6149,"(0, 42, 429, 215)"
bache_314.jpg,/content/drive/MyDrive/PDI/Proyectobaches/labeled/bache/bache_314.jpg,0.9999954700469971,0.1,True,severo,0.728642578125,"(0, 81, 561, 399)"
bache_315.jpg,/content/drive/MyDrive/PDI/Proyectobaches/labeled/bache/bache_315.jpg,0.9998679161071777,0.1,True,moderado,0.6083333333333333,"(0, 282, 1280, 438)"
bache_316.jpg,/content/drive/MyDrive/PDI/Proyectobaches/labeled/bache/bache_316.jpg,0.9997076392173767,0.1,True,severo,0.6523365300784656,"(111, 43, 509, 294)"
bache_317.jpg,/content/drive/MyDrive/PDI/Proyectobaches/labeled/bache/bache_317.jpg,0.9997485280036926,0.1,True,moderado,0.5050869719559815,"(0, 413, 1082, 526)"
bache_318.jpg,/content/drive/MyDrive/PDI/Proyectobaches/labeled/bache/bache_318.jpg,0.9999710321426392,0.1,True,moderado,0.5577367205542725,"(0, 208, 1300, 483)"
bache_319.jpg,/content/drive/MyDrive/PDI/Proyectobaches/labeled/bache/bache_319.jpg,0.9998564720153809,0.1,True,leve,0.47131801125703565,"(191, 203, 609, 330)"
bache_320.jpg,/content/drive/MyDrive/PDI/Proyectobaches/labeled/bache/bache_320.jpg,0.9999752044677734,0.1,True,moderado,0.5524897959183673,"(52, 115, 432, 235)"
bache_321.jpg,/content/drive/MyDrive/PDI/Proyectobaches/labeled/bache/bache_321.jpg,0.9999256134033203,0.1,True,leve,0.4268525507259246,"(35, 193, 228, 253)"
bache_322.jpg,/content/drive/MyDrive/PDI/Proyectobaches/labeled/bache/bache_322.jpg,0.9999023675918579,0.1,True,moderado,0.5531302185112809,"(125, 165, 1006, 619)"
bache_323.jpg,/content/drive/MyDrive/PDI/Proyectobaches/labeled/bache/bache_323.jpg,0.999862551689148,0.1,True,moderado,0.5748719618055556,"(0, 112, 994, 533)"
bache_324.jpg,/content/drive/MyDrive/PDI/Proyectobaches/labeled/bache/bache_324.jpg,0.9999939203262329,0.1,True,moderado,0.5113945578231293,"(81, 23, 194, 155)"
bache_325.jpg,/content/drive/MyDrive/PDI/Proyectobaches/labeled/bache/bache_325.jpg,0.9999902248382568,0.1,True,moderado,0.59240625,"(161, 51, 639, 445)"
bache_326.jpg,/content/drive/MyDrive/PDI/Proyectobaches/labeled/bache/bache_326.jpg,0.9997039437294006,0.1,True,moderado,0.5919929993436884,"(0, 191, 820, 462)"
bache_327.jpg,/content/drive/MyDrive/PDI/Proyectobaches/labeled/bache/bache_327.jpg,0.9996582269668579,0.1,True,moderado,0.5275792011019284,"(164, 62, 509, 301)"
bache_328.jpg,/content/drive/MyDrive/PDI/Proyectobaches/labeled/bache/bache_328.jpg,0.999552309513092,0.1,True,leve,0.41916023166023164,"(0, 325, 965, 711)"
bache_329.jpg,/content/drive/MyDrive/PDI/Proyectobaches/labeled/bache/bache_329.jpg,0.9995964169502258,0.1,True,moderado,0.6138555555555556,"(0, 147, 547, 303)"
bache_330.jpg,/content/drive/MyDrive/PDI/Proyectobaches/labeled/bache/bache_330.jpg,0.9993284940719604,0.1,True,leve,0.37325170068027214,"(134, 130, 430, 319)"
bache_331.jpg,/content/drive/MyDrive/PDI/Proyectobaches/labeled/bache/bache_331.jpg,0.9998691082000732,0.1,True,leve,0.341859375,"(265, 449, 935, 351)"
bache_332.jpg,/content/drive/MyDrive/PDI/Proyectobaches/labeled/bache/bache_332.jpg,0.999991774559021,0.1,True,moderado,0.6322377917150995,"(95, 94, 552, 269)"
bache_333.jpg,/content/drive/MyDrive/PDI/Proyectobaches/labeled/bache/bache_333.jpg,0.9999678134918213,0.1,True,leve,0.48284765987946077,"(90, 389, 929, 438)"
bache_334.jpg,/content/drive/MyDrive/PDI/Proyectobaches/labeled/bache/bache_334.jpg,0.999954342842102,0.1,True,moderado,0.618665833680411,"(94, 68, 690, 310)"
bache_335.jpg,/content/drive/MyDrive/PDI/Proyectobaches/labeled/bache/bache_335.jpg,0.9999856948852539,0.1,True,severo,0.8155922635020971,"(0, 36, 550, 373)"
bache_336.jpg,/content/drive/MyDrive/PDI/Proyectobaches/labeled/bache/bache_336.jpg,0.9999963045120239,0.1,True,leve,0.43527272727272726,"(65, 181, 560, 171)"
bache_337.jpg,/content/drive/MyDrive/PDI/Proyectobaches/labeled/bache/bache_337.jpg,0.9999731779098511,0.1,True,severo,0.6586295399515738,"(0, 34, 491, 277)"
bache_338.jpg,/content/drive/MyDrive/PDI/Proyectobaches/labeled/bache/bache_338.jpg,0.9999914169311523,0.1,True,severo,0.734020618556701,"(0, 129, 727, 356)"
bache_339.jpg,/content/drive/MyDrive/PDI/Proyectobaches/labeled/bache/bache_339.jpg,0.9999500513076782,0.1,True,moderado,0.5901515151515152,"(90, 81, 570, 246)"
bache_340.jpg,/content/drive/MyDrive/PDI/Proyectobaches/labeled/bache/bache_340.jpg,0.9999747276306152,0.1,True,leve,0.35033487892838744,"(0, 193, 484, 170)"
bache_341.jpg,/content/drive/MyDrive/PDI/Proyectobaches/labeled/bache/bache_341.jpg,0.9997530579566956,0.1,True,severo,0.8044444444444444,"(0, 132, 1080, 543)"
bache_342.jpg,/content/drive/MyDrive/PDI/Proyectobaches/labeled/bache/bache_342.jpg,0.9999761581420898,0.1,True,moderado,0.5487991149200373,"(185, 130, 578, 575)"
bache_343.jpg,/content/drive/MyDrive/PDI/Proyectobaches/labeled/bache/bache_343.jpg,0.9999736547470093,0.1,True,leve,0.3552,"(112, 114, 288, 111)"
bache_344.jpg,/content/drive/MyDrive/PDI/Proyectobaches/labeled/bache/bache_344.jpg,0.9999926090240479,0.1,True,moderado,0.6175623830556312,"(206, 145, 1093, 629)"
bache_345.jpg,/content/drive/MyDrive/PDI/Proyectobaches/labeled/bache/bache_345.jpg,0.9999802112579346,0.1,True,moderado,0.5803636363636364,"(118, 0, 420, 228)"
bache_346.jpg,/content/drive/MyDrive/PDI/Proyectobaches/labeled/bache/bache_346.jpg,0.9999909400939941,0.1,True,severo,0.6977272727272728,"(0, 133, 730, 307)"
bache_347.jpg,/content/drive/MyDrive/PDI/Proyectobaches/labeled/bache/bache_347.jpg,0.9998462200164795,0.1,True,leve,0.45627083333333335,"(89, 238, 605, 362)"
bache_348.jpg,/content/drive/MyDrive/PDI/Proyectobaches/labeled/bache/bache_348.jpg,0.9999841451644897,0.1,True,leve,0.48751819135614444,"(94, 158, 509, 283)"
bache_349.jpg,/content/drive/MyDrive/PDI/Proyectobaches/labeled/bache/bache_349.jpg,0.9999052286148071,0.1,True,severo,0.7464888888888889,"(0, 0, 323, 208)"
bache_350.jpg,/content/drive/MyDrive/PDI/Proyectobaches/labeled/bache/bache_350.jpg,0.9999678134918213,0.1,True,moderado,0.5790697674418605,"(0, 181, 660, 249)"
bache_351.jpg,/content/drive/MyDrive/PDI/Proyectobaches/labeled/bache/bache_351.jpg,0.99745112657547,0.1,True,severo,0.91,"(0, 36, 800, 364)"
bache_352.jpg,/content/drive/MyDrive/PDI/Proyectobaches/labeled/bache/bache_352.jpg,0.9999741315841675,0.1,True,moderado,0.5719618055555555,"(0, 150, 599, 330)"
bache_353.jpg,/content/drive/MyDrive/PDI/Proyectobaches/labeled/bache/bache_353.jpg,0.9766388535499573,0.1,True,leve,0.36746944444444446,"(0, 187, 503, 263)"
bache_354.jpg,/content/drive/MyDrive/PDI/Proyectobaches/labeled/bache/bache_354.jpg,0.9999666213989258,0.1,True,moderado,0.5501768663194444,"(0, 287, 1171, 433)"
bache_355.jpg,/content/drive/MyDrive/PDI/Proyectobaches/labeled/bache/bache_355.jpg,0.9988566637039185,0.1,True,leve,0.26891242203742205,"(395, 261, 567, 219)"
bache_356.jpg,/content/drive/MyDrive/PDI/Proyectobaches/labeled/bache/bache_356.jpg,0.9999933242797852,0.1,True,severo,0.6550522648083623,"(0, 297, 1299, 564)"
bache_357.jpg,/content/drive/MyDrive/PDI/Proyectobaches/labeled/bache/bache_357.jpg,0.999904990196228,0.1,True,severo,0.6919431279620853,"(0, 130, 634, 292)"
bache_358.jpg,/content/drive/MyDrive/PDI/Proyectobaches/labeled/bache/bache_358.jpg,0.99996018409729,0.1,True,leve,0.4199322033898305,"(53, 39, 326, 171)"
bache_359.jpg,/content/drive/MyDrive/PDI/Proyectobaches/labeled/bache/bache_359.jpg,0.9999594688415527,0.1,True,moderado,0.5615081273444262,"(136, 87, 973, 630)"
bache_360.jpg,/content/drive/MyDrive/PDI/Proyectobaches/labeled/bache/bache_360.jpg,0.9998533725738525,0.1,True,moderado,0.5242714369698497,"(0, 158, 681, 220)"
bache_361.jpg,/content/drive/MyDrive/PDI/Proyectobaches/labeled/bache/bache_361.jpg,0.9994109869003296,0.1,True,moderado,0.5337609329446064,"(72, 92, 483, 398)"
bache_362.jpg,/content/drive/MyDrive/PDI/Proyectobaches/labeled/bache/bache_362.jpg,0.9999940395355225,0.1,True,moderado,0.5954425588894354,"(0, 135, 1166, 598)"
bache_363.jpg,/content/drive/MyDrive/PDI/Proyectobaches/labeled/bache/bache_363.jpg,0.9999786615371704,0.1,True,severo,0.6578947368421053,"(0, 130, 633, 250)"
bache_364.jpg,/content/drive/MyDrive/PDI/Proyectobaches/labeled/bache/bache_364.jpg,0.9998770952224731,0.1,True,moderado,0.560832791151594,"(0, 675, 1066, 862)"
bache_365.jpg,/content/drive/MyDrive/PDI/Proyectobaches/labeled/bache/bache_365.jpg,0.999931812286377,0.1,True,leve,0.40275975586312956,"(932, 518, 2332, 1035)"
bache_366.jpg,/content/drive/MyDrive/PDI/Proyectobaches/labeled/bache/bache_366.jpg,0.9999186992645264,0.1,True,severo,0.8019408161560414,"(0, 0, 1167, 765)"
bache_367.jpg,/content/drive/MyDrive/PDI/Proyectobaches/labeled/bache/bache_367.jpg,0.9998636245727539,0.1,True,severo,0.8869047619047619,"(0, 0, 300, 149)"
bache_368.jpg,/content/drive/MyDrive/PDI/Proyectobaches/labeled/bache/bache_368.jpg,0.9999305009841919,0.1,True,severo,0.6599157303370786,"(0, 76, 369, 191)"
bache_369.jpg,/content/drive/MyDrive/PDI/Proyectobaches/labeled/bache/bache_369.jpg,0.9999321699142456,0.1,True,severo,0.6965811965811965,"(0, 426, 2000, 978)"
bache_370.jpg,/content/drive/MyDrive/PDI/Proyectobaches/labeled/bache/bache_370.jpg,0.9999986886978149,0.1,True,severo,0.6558139534883721,"(0, 296, 1280, 564)"
bache_371.jpg,/content/drive/MyDrive/PDI/Proyectobaches/labeled/bache/bache_371.jpg,0.9999990463256836,0.1,True,severo,0.7101582325720257,"(0, 47, 563, 338)"
bache_372.jpg,/content/drive/MyDrive/PDI/Proyectobaches/labeled/bache/bache_372.jpg,0.9999412298202515,0.1,True,leve,0.4824120603015075,"(115, 213, 600, 384)"
bache_373.jpg,/content/drive/MyDrive/PDI/Proyectobaches/labeled/bache/bache_373.jpg,0.9995458722114563,0.1,True,leve,0.46488389513108613,"(93, 159, 434, 286)"
bache_374.jpg,/content/drive/MyDrive/PDI/Proyectobaches/labeled/bache/bache_374.jpg,0.9999779462814331,0.1,True,moderado,0.6377498454564187,"(140, 92, 619, 330)"
bache_375.jpg,/content/drive/MyDrive/PDI/Proyectobaches/labeled/bache/bache_375.jpg,0.9999855756759644,0.1,True,severo,0.8211538461538461,"(0, 93, 1410, 427)"
bache_376.jpg,/content/drive/MyDrive/PDI/Proyectobaches/labeled/bache/bache_376.jpg,0.9999181032180786,0.1,True,severo,0.8205882352941176,"(0, 0, 333, 186)"
bache_377.jpg,/content/drive/MyDrive/PDI/Proyectobaches/labeled/bache/bache_377.jpg,0.9997766613960266,0.1,True,leve,0.4236679859077599,"(310, 218, 714, 415)"
bache_378.jpg,/content/drive/MyDrive/PDI/Proyectobaches/labeled/bache/bache_378.jpg,0.9997950196266174,0.1,True,moderado,0.5602471678681772,"(0, 176, 1299, 544)"
bache_379.jpg,/content/drive/MyDrive/PDI/Proyectobaches/labeled/bache/bache_379.jpg,0.9999970197677612,0.1,True,moderado,0.6087619047619047,"(112, 207, 1088, 423)"
bache_380.jpg,/content/drive/MyDrive/PDI/Proyectobaches/labeled/bache/bache_380.jpg,0.9999673366546631,0.1,True,moderado,0.6192307692307693,"(0, 198, 1410, 322)"
bache_381.jpg,/content/drive/MyDrive/PDI/Proyectobaches/labeled/bache/bache_381.jpg,0.9996827840805054,0.1,True,moderado,0.5309649139239083,"(0, 173, 683, 249)"
bache_382.jpg,/content/drive/MyDrive/PDI/Proyectobaches/labeled/bache/bache_382.jpg,0.9996564388275146,0.1,True,leve,0.28291666666666665,"(332, 228, 388, 252)"
bache_383.jpg,/content/drive/MyDrive/PDI/Proyectobaches/labeled/bache/bache_383.jpg,0.9999896287918091,0.1,True,severo,0.7723214285714286,"(0, 23, 300, 173)"
bache_384.jpg,/content/drive/MyDrive/PDI/Proyectobaches/labeled/bache/bache_384.jpg,0.9999972581863403,0.1,True,leve,0.44465843621399176,"(0, 66, 681, 476)"
bache_385.jpg,/content/drive/MyDrive/PDI/Proyectobaches/labeled/bache/bache_385.jpg,0.9998252987861633,0.1,True,severo,0.7746875,"(0, 0, 603, 259)"
bache_386.jpg,/content/drive/MyDrive/PDI/Proyectobaches/labeled/bache/bache_386.jpg,0.9999016523361206,0.1,True,moderado,0.5048280871670702,"(74, 107, 429, 243)"
bache_387.jpg,/content/drive/MyDrive/PDI/Proyectobaches/labeled/bache/bache_387.jpg,0.9996569156646729,0.1,True,moderado,0.5927330173775671,"(80, 142, 670, 280)"
bache_388.jpg,/content/drive/MyDrive/PDI/Proyectobaches/labeled/bache/bache_388.jpg,0.9997996687889099,0.1,True,moderado,0.5119723183391004,"(0, 91, 411, 234)"
bache_389.jpg,/content/drive/MyDrive/PDI/Proyectobaches/labeled/bache/bache_389.jpg,0.9996205568313599,0.1,True,leve,0.4193233366935484,"(0, 363, 918, 319)"
bache_390.jpg,/content/drive/MyDrive/PDI/Proyectobaches/labeled/bache/bache_390.jpg,0.9998940229415894,0.1,True,moderado,0.6073903002309469,"(0, 340, 1300, 526)"
bache_391.jpg,/content/drive/MyDrive/PDI/Proyectobaches/labeled/bache/bache_391.jpg,0.9999513626098633,0.1,True,severo,0.7616666666666667,"(0, 143, 800, 457)"
bache_392.jpg,/content/drive/MyDrive/PDI/Proyectobaches/labeled/bache/bache_392.jpg,0.9998657703399658,0.1,True,leve,0.4210092925371878,"(145, 145, 1107, 551)"
bache_393.jpg,/content/drive/MyDrive/PDI/Proyectobaches/labeled/bache/bache_393.jpg,0.9999845027923584,0.1,True,moderado,0.6078431372549019,"(0, 480, 1632, 744)"
bache_394.jpg,/content/drive/MyDrive/PDI/Proyectobaches/labeled/bache/bache_394.jpg,0.999997615814209,0.1,True,moderado,0.5749318801089919,"(0, 114, 652, 211)"
bache_395.jpg,/content/drive/MyDrive/PDI/Proyectobaches/labeled/bache/bache_395.jpg,0.9999688863754272,0.1,True,leve,0.4706171875,"(353, 579, 1770, 1021)"
bache_396.jpg,/content/drive/MyDrive/PDI/Proyectobaches/labeled/bache/bache_396.jpg,0.9997945427894592,0.1,True,leve,0.4656160458452722,"(0, 373, 1050, 325)"
bache_397.jpg,/content/drive/MyDrive/PDI/Proyectobaches/labeled/bache/bache_397.jpg,0.9999736547470093,0.1,True,moderado,0.6080476900149031,"(24, 56, 306, 160)"
bache_398.jpg,/content/drive/MyDrive/PDI/Proyectobaches/labeled/bache/bache_398.jpg,0.9999909400939941,0.1,True,severo,0.6779592022686838,"(323, 159, 1276, 898)"
bache_399.jpg,/content/drive/MyDrive/PDI/Proyectobaches/labeled/bache/bache_399.jpg,0.9998923540115356,0.1,True,moderado,0.559,"(0, 59, 559, 198)"
bache_400.jpg,/content/drive/MyDrive/PDI/Proyectobaches/labeled/bache/bache_400.jpg,0.9998854398727417,0.1,True,leve,0.4893919848641211,"(52, 72, 497, 229)"
